rank,name,year,rating,genre,certificate,metascore,run_time,tagline,budget,box_office,casts,directors,writers
1,The Shawshank Redemption,1994,9.30,Drama,R,82.00,2h 22m,Fear can hold you prisoner. Hope can set you free.,25000000,28884504,"Tim Robbins,Morgan Freeman,Bob Gunton,William Sadler,Clancy Brown,Gil Bellows,Mark Rolston,James Whitmore,Jeffrey DeMunn,Larry Brandenburg,Neil Giuntoli,Brian Libby,David Proval,Joseph Ragno,Jude Ciccolella,Paul McCrane,Renee Blaine,Scott Mann",Frank Darabont,"Stephen King,Frank Darabont"
2,The Godfather,1972,9.20,"Crime,Drama",R,100.00,2h 55m,An offer you can't refuse.,6000000,250341816,"Marlon Brando,Al Pacino,James Caan,Diane Keaton,Richard S. Castellano,Robert Duvall,Sterling Hayden,John Marley,Richard Conte,Al Lettieri,Abe Vigoda,Talia Shire,Gianni Russo,John Cazale,Rudy Bond,Al Martino,Morgana King,Lenny Montana",Francis Ford Coppola,"Mario Puzo,Francis Ford Coppola"
3,The Dark Knight,2008,9.00,"Action,Crime,Drama",PG-13,84.00,2h 32m,Why So Serious?,185000000,1006234167,"Christian Bale,Heath Ledger,Aaron Eckhart,Michael Caine,Maggie Gyllenhaal,Gary Oldman,Morgan Freeman,Monique Gabriela Curnen,Ron Dean,Cillian Murphy,Chin Han,Nestor Carbonell,Eric Roberts,Ritchie Coster,Anthony Michael Hall,Keith Szarabajka,Colin McFarlane,Joshua Harto",Christopher Nolan,"Jonathan Nolan,Christopher Nolan,David S. Goyer"
4,The Godfather Part II,1974,9.00,"Crime,Drama",R,90.00,3h 22m,All the power on earth can't change destiny.,13000000,47961919,"Al Pacino,Robert De Niro,Robert Duvall,Diane Keaton,John Cazale,Talia Shire,Lee Strasberg,Michael V. Gazzo,G.D. Spradlin,Richard Bright,Gastone Moschin,Tom Rosqui,Bruno Kirby,Frank Sivero,Francesca De Sapio,Morgana King,Marianna Hill,Leopoldo Trieste",Francis Ford Coppola,"Francis Ford Coppola,Mario Puzo"
5,12 Angry Men,1957,9.00,"Crime,Drama",Approved,97.00,1h 36m,Life Is In Their Hands -- Death Is On Their Minds!,350000,955,"Henry Fonda,Lee J. Cobb,Martin Balsam,John Fiedler,E.G. Marshall,Jack Klugman,Edward Binns,Jack Warden,Joseph Sweeney,Ed Begley,George Voskovec,Robert Webber,Rudy Bond,Tom Gorman,James Kelly,Billy Nelson,John Savoca,Walter Stocker",Sidney Lumet,Reginald Rose
6,Schindler's List,1993,9.00,"Biography,Drama,History",R,95.00,3h 15m,"Whoever saves one life, saves the world entire.",22000000,322161245,"Liam Neeson,Ralph Fiennes,Ben Kingsley,Caroline Goodall,Jonathan Sagall,Embeth Davidtz,Malgorzata Gebel,Shmuel Levy,Mark Ivanir,Béatrice Macola,Andrzej Seweryn,Friedrich von Thun,Krzysztof Luft,Harry Nehring,Norbert Weisser,Adi Nitzan,Michael Schneider,Miri Fabian",Steven Spielberg,"Thomas Keneally,Steven Zaillian"
7,The Lord of the Rings: The Return of the King,2003,9.00,"Action,Adventure,Drama",PG-13,94.00,3h 21m,The eye of the enemy is moving.,94000000,1146457748,"Elijah Wood,Viggo Mortensen,Ian McKellen,Orlando Bloom,Noel Appleby,Ali Astin,Sean Astin,David Aston,John Bach,Sean Bean,Cate Blanchett,Billy Boyd,Sadwyn Brophy,Alistair Browning,Marton Csokas,Richard Edge,Jason Fitch,Bernard Hill",Peter Jackson,"J.R.R. Tolkien,Fran Walsh,Philippa Boyens"
8,Pulp Fiction,1994,8.90,"Crime,Drama",R,95.00,2h 34m,Girls like me don't make invitations like this to just anyone!,8000000,213928762,"John Travolta,Uma Thurman,Samuel L. Jackson,Bruce Willis,Tim Roth,Amanda Plummer,Laura Lovelace,Phil LaMarr,Frank Whaley,Burr Steers,Ving Rhames,Paul Calderon,Bronagh Gallagher,Rosanna Arquette,Eric Stoltz,Jerome Patrick Hoban,Michael Gilden,Gary Shorelle",Quentin Tarantino,"Quentin Tarantino,Roger Avary"
9,The Lord of the Rings: The Fellowship of the Ring,2001,8.80,"Action,Adventure,Drama",PG-13,92.00,2h 58m,The Legend Comes to Life,93000000,898204420,"Elijah Wood,Ian McKellen,Orlando Bloom,Sean Bean,Alan Howard,Noel Appleby,Sean Astin,Sala Baker,Billy Boyd,Andy Serkis,Marton Csokas,Viggo Mortensen,Megan Edwards,Michael Elsworth,Cate Blanchett,Mark Ferguson,Ian Holm,Christopher Lee",Peter Jackson,"J.R.R. Tolkien,Fran Walsh,Philippa Boyens"
10,"The Good, the Bad and the Ugly",1966,8.80,"Adventure,Western",Approved,90.00,2h 58m,They formed an alliance of hate to steal a fortune in dead man's gold,1200000,25253887,"Clint Eastwood,Eli Wallach,Lee Van Cleef,Aldo Giuffrè,Luigi Pistilli,Rada Rassimov,Enzo Petito,Claudio Scarchilli,John Bartha,Livio Lorenzon,Antonio Casale,Sandro Scarchilli,Benito Stefanelli,Angelo Novi,Antonio Casas,Aldo Sambrell,Al Mulock,Sergio Mendizábal",Sergio Leone,"Luciano Vincenzoni,Sergio Leone,Agenore Incrocci"
11,Forrest Gump,1994,8.80,"Drama,Romance",PG-13,82.00,2h 22m,The story of a lifetime.,55000000,678226465,"Tom Hanks,Robin Wright,Gary Sinise,Sally Field,Rebecca Williams,Michael Conner Humphreys,Harold G. Herthum,George Kelly,Bob Penny,John Randall,Sam Anderson,Margo Moorer,Ione M. Telech,Christine Seabrook,John Worsham,Peter Dobson,Siobhan Fallon Hogan,Alexander Zemeckis",Robert Zemeckis,"Winston Groom,Eric Roth"
12,Fight Club,1999,8.80,Drama,R,67.00,2h 19m,How much can you know about yourself if you've never been in a fight?,63000000,101209702,"Brad Pitt,Edward Norton,Meat Loaf,Zach Grenier,Richmond Arquette,David Andrews,George Maguire,Eugenie Bondurant,Christina Cabot,Helena Bonham Carter,Sydney 'Big Dawg' Colston,Rachel Singer,Christie Cronenweth,Tim DeZarn,Ezra Buzzington,Dierdre Downing-Jackson,Bob Stephenson,Charlie Dell",David Fincher,"Chuck Palahniuk,Jim Uhls"
13,The Lord of the Rings: The Two Towers,2002,8.80,"Action,Adventure,Drama",PG-13,85.00,2h 59m,A New Power Is Rising.,94000000,947944270,"Elijah Wood,Ian McKellen,Viggo Mortensen,Orlando Bloom,Bruce Allpress,Sean Astin,John Bach,Sala Baker,Cate Blanchett,Billy Boyd,Jed Brophy,Sam Comery,Brad Dourif,Calum Gittins,Bernard Hill,Bruce Hopkins,Paris Howe Strewe,Christopher Lee",Peter Jackson,"J.R.R. Tolkien,Fran Walsh,Philippa Boyens"
14,Inception,2010,8.80,"Action,Adventure,Sci-Fi",PG-13,74.00,2h 28m,Your mind is the scene of the crime,160000000,836848102,"Leonardo DiCaprio,Joseph Gordon-Levitt,Elliot Page,Ken Watanabe,Tom Hardy,Dileep Rao,Cillian Murphy,Tom Berenger,Marion Cotillard,Pete Postlethwaite,Michael Caine,Lukas Haas,Tai-Li Lee,Claire Geare,Magnus Nolan,Taylor Geare,Johnathan Geare,Tohoru Masamune",Christopher Nolan,Christopher Nolan
15,Star Wars: Episode V - The Empire Strikes Back,1980,8.70,"Action,Adventure,Fantasy",PG,82.00,2h 4m,The Adventure Continues...,18000000,538375067,"Mark Hamill,Harrison Ford,Carrie Fisher,Billy Dee Williams,Anthony Daniels,David Prowse,Peter Mayhew,Kenny Baker,Frank Oz,Alec Guinness,Jeremy Bulloch,John Hollis,Jack Purvis,Des Webb,Clive Revill,Kenneth Colley,Julian Glover,Michael Sheard",Irvin Kershner,"Leigh Brackett,Lawrence Kasdan,George Lucas"
16,The Matrix,1999,8.70,"Action,Sci-Fi",R,73.00,2h 16m,Free your mind,63000000,467222728,"Keanu Reeves,Laurence Fishburne,Carrie-Anne Moss,Hugo Weaving,Gloria Foster,Joe Pantoliano,Marcus Chong,Julian Arahanga,Matt Doran,Belinda McClory,Anthony Ray Parker,Paul Goddard,Robert Taylor,David Aston,Marc Aden Gray,Ada Nicodemou,Deni Gordon,Rowan Witt","Lana Wachowski,Lilly Wachowski","Lilly Wachowski,Lana Wachowski"
17,Goodfellas,1990,8.70,"Biography,Crime,Drama",R,92.00,2h 25m,"""As far back as I can remember, I've always wanted to be a gangster."" -- Henry Hill, Brooklyn, N.Y. 1955.",25000000,47036784,"Robert De Niro,Ray Liotta,Joe Pesci,Lorraine Bracco,Paul Sorvino,Frank Sivero,Tony Darrow,Mike Starr,Frank Vincent,Chuck Low,Frank DiLeo,Henny Youngman,Gina Mastrogiacomo,Catherine Scorsese,Charles Scorsese,Suzanne Shepherd,Debi Mazar,Margo Winkler",Martin Scorsese,"Nicholas Pileggi,Martin Scorsese"
18,One Flew Over the Cuckoo's Nest,1975,8.70,Drama,18+,84.00,2h 13m,"If he's crazy, what does that make you?",3000000,109114817,"Jack Nicholson,Louise Fletcher,Michael Berryman,Peter Brocco,Dean R. Brooks,Alonzo Brown,Scatman Crothers,Mwako Cumbuka,Danny DeVito,William Duell,Josip Elic,Lan Fendors,Nathan George,Ken Kenny,Mel Lambert,Sydney Lassick,Kay Lee,Christopher Lloyd",Milos Forman,"Lawrence Hauben,Bo Goldman,Ken Kesey"
19,Se7en,1995,8.60,"Crime,Drama,Mystery",R,65.00,2h 7m,"Long is the way, and hard, that out of hell leads up to light.",33000000,327333559,"Morgan Freeman,Brad Pitt,Kevin Spacey,Andrew Kevin Walker,Daniel Zacapa,Gwyneth Paltrow,John Cassini,Bob Mack,Peter Crombie,Reg E. Cathey,R. Lee Ermey,George Christy,Endre Hules,Hawthorne James,William Davidson,Bob Collins,Jimmy Dale Hartsell,Richard Roundtree",David Fincher,Andrew Kevin Walker
20,Seven Samurai,1954,8.60,"Action,Drama",Not Rated,98.00,3h 27m,Will Take Its Place With the Seven Greatest Films of All Time!,125000000,346258,"Toshirô Mifune,Takashi Shimura,Keiko Tsushima,Yukiko Shimazaki,Kamatari Fujiwara,Daisuke Katô,Isao Kimura,Minoru Chiaki,Seiji Miyaguchi,Yoshio Kosugi,Bokuzen Hidari,Yoshio Inaba,Yoshio Tsuchiya,Kokuten Kôdô,Eijirô Tôno,Kichijirô Ueda,Jun Tatara,Atsushi Watanabe",Akira Kurosawa,"Akira Kurosawa,Shinobu Hashimoto,Hideo Oguni"
21,Its a Wonderful Life,1946,8.60,"Drama,Family,Fantasy",PG,89.00,2h 10m,"Frank Capra's...""It's a Wonderful Life"".",3180000,8574081,"James Stewart,Donna Reed,Lionel Barrymore,Thomas Mitchell,Henry Travers,Beulah Bondi,Frank Faylen,Ward Bond,Gloria Grahame,H.B. Warner,Frank Albertson,Todd Karns,Samuel S. Hinds,Mary Treen,Virginia Patton,Charles Williams,Sarah Edwards,William Edmunds",Frank Capra,"Frances Goodrich,Albert Hackett,Frank Capra"
22,The Silence of the Lambs,1991,8.60,"Crime,Drama,Thriller",R,86.00,1h 58m,"Dr. Hannibal Lecter. Brilliant. Cunning. Psychotic. In his mind lies the clue to a ruthless killer. - Clarice Starling, FBI. Brilliant. Vulnerable. Alone. She must trust him to stop the killer.",19000000,272742922,"Jodie Foster,Anthony Hopkins,Lawrence A. Bonney,Kasi Lemmons,Lawrence T. Wrentz,Scott Glenn,Anthony Heald,Frankie Faison,Don Brockett,Frank Seals Jr.,Stuart Rudin,Maria Skorobogatov,Jeffrie Lane,Leib Lensky,George 'Red' Schwartz,Jim Roche,Brooke Smith,Ted Levine",Jonathan Demme,"Thomas Harris,Ted Tally"
23,City of God,2002,8.60,"Crime,Drama",R,79.00,2h 10m,"If you run, the beast will get you. If you stay, the beast will eat you",3300000,30680793,"Alexandre Rodrigues,Leandro Firmino,Matheus Nachtergaele,Phellipe Haagensen,Douglas Silva,Jonathan Haagensen,Seu Jorge,Jefechander Suplino,Alice Braga,Emerson Gomes,Edson Oliveira,Michel Gomes,Roberta Rodrigues,Luis Otávio,Kiko Marques,Gustavo Engrácia,Darlan Cunha,Robson Rocha","Fernando Meirelles,Kátia Lund(co-director)","Paulo Lins,Bráulio Mantovani"
24,Saving Private Ryan,1998,8.60,"Drama,War",R,91.00,2h 49m,"In the Last Great Invasion of the Last Great War, The Greatest Danger for Eight Men was Saving... One.",70000000,482349603,"Tom Hanks,Matt Damon,Tom Sizemore,Edward Burns,Barry Pepper,Adam Goldberg,Vin Diesel,Giovanni Ribisi,Jeremy Davies,Ted Danson,Paul Giamatti,Dennis Farina,Joerg Stadler,Max Martini,Dylan Bruno,Daniel Cerqueira,Demetri Goritsas,Ian Porter",Steven Spielberg,Robert Rodat
25,Interstellar,2014,8.60,"Adventure,Drama,Sci-Fi",PG-13,74.00,2h 49m,Mankind was born on Earth. It was never meant to die here.,165000000,773867216,"Matthew McConaughey,Anne Hathaway,Jessica Chastain,Mackenzie Foy,Ellen Burstyn,John Lithgow,Timothée Chalamet,David Oyelowo,Collette Wolfe,Francis X. McCarthy,Bill Irwin,Andrew Borba,Wes Bentley,William Devane,Michael Caine,David Gyasi,Josh Stewart,Casey Affleck",Christopher Nolan,"Jonathan Nolan,Christopher Nolan"
26,Life Is Beautiful,1997,8.60,"Comedy,Drama,Romance",PG-13,58.00,1h 56m,"An unforgettable fable that proves love, family and imagination conquer all. (Canadian one sheet)",20000000,230098753,"Roberto Benigni,Nicoletta Braschi,Giorgio Cantarini,Giustino Durano,Sergio Bini Bustric,Marisa Paredes,Horst Buchholz,Lidia Alfonsi,Giuliana Lojodice,Amerigo Fontani,Pietro De Silva,Francesco Guzzo,Raffaella Lebboroni,Claudio Alfonsi,Gil Baroni,Massimo Bianchi,Jürgen Bohn,Verena Buratti",Roberto Benigni,"Vincenzo Cerami,Roberto Benigni"
27,The Green Mile,1999,8.60,"Crime,Drama,Fantasy",R,61.00,3h 9m,Miracles do happen.,60000000,286801374,"Tom Hanks,Michael Clarke Duncan,David Morse,Bonnie Hunt,James Cromwell,Michael Jeter,Graham Greene,Doug Hutchison,Sam Rockwell,Barry Pepper,Jeffrey DeMunn,Patricia Clarkson,Harry Dean Stanton,Dabbs Greer,Eve Brent,William Sadler,Mack Miles,Rai Tasco",Frank Darabont,"Stephen King,Frank Darabont"
28,Star Wars: Episode IV - A New Hope,1977,8.60,"Action,Adventure,Fantasy",PG,90.00,2h 1m,It's Back! The Force will be with you for three weeks only. (1979 Reissue Poster),11000000,775398007,"Mark Hamill,Harrison Ford,Carrie Fisher,Alec Guinness,Peter Cushing,Anthony Daniels,Kenny Baker,Peter Mayhew,David Prowse,Phil Brown,Shelagh Fraser,Jack Purvis,Alex McCrindle,Eddie Byrne,Drewe Henley,Denis Lawson,Garrick Hagon,Jack Klaff",George Lucas,George Lucas
29,Terminator 2: Judgment Day,1991,8.60,"Action,Sci-Fi",R,75.00,2h 17m,It's nothing personal.,102000000,520881154,"Arnold Schwarzenegger,Linda Hamilton,Edward Furlong,Robert Patrick,Earl Boen,Joe Morton,S. Epatha Merkerson,Castulo Guerra,Danny Cooksey,Jenette Goldstein,Xander Berkeley,Leslie Hamilton Gearren,Ken Gibbel,Robert Winley,Peter Schrum,Shane Wilder,Michael Edwards,Jared Lounsbery",James Cameron,"James Cameron,William Wisher"
30,Back to the Future,1985,8.50,"Adventure,Comedy,Sci-Fi",PG,87.00,1h 56m,He's the only kid ever to get into trouble before he was born. [UK],19000000,383336762,"Michael J. Fox,Christopher Lloyd,Lea Thompson,Crispin Glover,Tom Wilson,Claudia Wells,Marc McClure,Wendie Jo Sperber,George DiCenzo,Frances Lee McCain,James Tolkan,J.J. Cohen,Casey Siemaszko,Billy Zane,Harry Waters Jr.,Donald Fullilove,Lisa Freeman,Cristen Kauffman",Robert Zemeckis,"Robert Zemeckis,Bob Gale"
